Hiring Tech Jobs at New York,Cryptocurrencies,Artificial Intelligence:,Blockchain,Internet of Things,Cambridge Analytica influences in external political issues,GDPR,Zuckerberg in front of the U.S Congress,Facts and opinions about Donald Trump,Stop censorship on social media,News about social media
newyorkcity,rsi,machinelearn,chatbot,iot,cambridge,data,zuckerberg,trump,social,late
newyork,btc,deeplearn,infosec,iiot,analytica,user,mark,president,media,daily
nyc,signal,artificialintelligence,databreach,smartcity,election,facebook,testify,donald,twitter,thanks
ny,min,ml,hack,digitaltransformation,campaign,privacy,ceo,white,instagram,bigdata
career,eth,robotic,cybersecurity,innovation,voter,access,congress,house,censorship,remove
code,bitcoin,dl,crypto,infographic,vote,personal,committee,democrat,conservative,social
hire,crypto,ai,blockchain,startup,brexit,law,senate,america,facebook,ai
job,trade,datascience,fintech,bigdata,bannon,gdpr,testimony,republican,speech,media
tech,cryptocurrency,ia,cryptocurrency,cloud,russian,protection,question,obama,censor,eu
datascience,bigdata,insurtech,privacy,analytic,russia,eu,parliament,law,maga,european
usa,blockchain,robot,datascience,industry,uk,information,hear,american,socialmedia,analytic
ai,fintech,bigdata,ai,fintech,firm,collect,house,muel,google,data
york,trust,fintech,bigdata,ml,work,company,watch,campaign,qanon,gdpr
engineer,,iot,insurtech,cybersecurity,propaganda,share,live,child,network,datascience
developer,,learn,security,blockchain,leave,google,lawmaker,state,platform,law
bigdata,,intelligence,,digital,scandal,app,european,gop,hate,privacy
technology,,algorithm,,market,media,european,answer,russia,account,protection
eth,,tech,,technology,target,give,member,country,fake,
service,,analytic,,robotic,win,scandal,week,maga,free,
bitcoin,,technology,,business,trump,breach,senator,support,delete,
group,,chatbot,,ai,social,harvest,face,vote,content,
,,deep,,insurtech,investigate,sell,eu,family,stop,
,,iiot,,tech,democracy,private,today,liberal,post,
,,,,dl,political,protect,,attack,news,
,,,,socialmedia,party,firm,,win,liberal,
,,,,internet,paid,social,,break.,ad,
,,,,security,gop,apple,,policy,deletefacebook,
,,,,machinelearn,investigation,regulation,,deal,market,
,,,,infosec,,rule,,protection,,
,,,,future,,profile,,eu,,
,,,,deeplearn,,friend,,,,
,,,,cryptocurrency,,info,,,,
,,,,,,allow,,,,
,,,,,,fb,,,,
,,,,,,concern,,,,
,,,,,,leak,,,,
,,,,,,sold,,,,
,,,,,,ad,,,,