Lottery results,Cambridge Analytica’s impact on political issues,Mark Zuckerberg’s Senate hearing in the US,General Data Protection Regulation,Digital Marketing,Promoting likes in social platforms,Promoting subscription to social platforms,Zuckerberg in front of the European Parliament,Opinions about Mark Zuckerberg,News and random facts,Facebook deletes Zuckerberg's private messages
animalito,cambridge,congreso,rgpd,marketing,dale,red,parlamento,parar,communitymanager,mensaje
lottoactivo,analytica,error,proteccion,marketingdigital,gusta,social,europeo,ese,socialmediar,messenger
pronostico,millón,zuckerberg,gdpr,analytic,seguidor,twitter,zuckerberg,unir,rrs,usuario
envivir,usuario,sentir,datar,publicidad,plataforma,instagram,mark,este,blog,enviar
programa,escandalo,mark,reglamentar,digital,siguenos,youtube,preguntar,red,redessocial,millón
escuchar,datos,eeuu,privacidad,google,ven,facebook,comparecencia,crear,noticiar,eliminar
ganar,afectar,senado,protecciondedato,youtube,abr,gt,perdon,senador,trabajar,borrar
perder,campaña,ee.uu,ley,whatsapp,digital,siguenos,responder,social,facebook,privar
aqui,cerrar,eu,ciberseguridad,instagram,traves,linkedin,sera,preguntar,whatsapp,informacion
datos,red,asumir,seguridad,estrategia,yotube,redessocial,directo,gente,marketingdigital,facebook
gratis,britanico,testificar,empresa,rusia,ganar,web,comparecer,solo,parar,app
diario,social,responsabilidad,personal,socialmedia,dar,seguidor,social,trump,falso,permitir
,filtracion,culpar,derecho,venta,twitter,visitar,red,entender,campanar,datar
,accedio,comparecer,europeo,redessocial,redessocial,invitar,fundador,campaña,post,personar
,electoral,filtracion,proteger,negociar,instagram,venenzuela,ar,zuckerberg,trump,aplicación
,trump,responsable,mayo,bigdata,informacion,plataforma,filtracion,negociar,,seguridad
,firmar,fundador,parar,twitter,lottoactivo,encontrar,reglamentar,querer,,personal
,robar,abril,privacy,,abrir,servicio,disculpa,nada,,admitir
,empresa,social,internet,,parar,,britanico,informacion,,privacidad
,informacion,unir,ar,,animalito,,vivir,fb,,X3
,personal,comparecencia,informacion,,X2,,respuesta,coser,,recopilar
,acceso,estadounidense,sobre,,invitar,,ceo,pensar,,reconocer
,anunciar,testimoniar,bigdata,,,,escandalo,politicar,,red
,compania,red,remover,,,,,bueno,,ciberseguridad
,mexicano,declarar,usuario,,,,,vida,,fallar
,investigar,audiencia,via,,,,,empresa,,social
,polemico,markzuckerberg,,,,,,elección,,proteger
,facebook,disculpar,,,,,,modelar,,whatsapp
,utilizar,iniciar,,,,,,electoral,,
,obtener,fallar,,,,,,pagar,,
,elección,frente,,,,,,respuesta,,
,mexico,,,,,,,sistema,,
,fundador,,,,,,,ayudar,,
,partir,,,,,,,servicio,,
,,,,,,,,sobrar,,
,,,,,,,,utilizar,,
,,,,,,,,gobernar,,
